Title:,"Time Series, Area-Averaged of Daily mean precipitation rate (combined microwave-IR) estimate - Final Run (daily)"
User Start Date:,2020-01-01T00:00:00Z
User End Date:,2025-09-01T23:59:59Z
User Bounding Box:,"36.6,-1.6,37.2,-1"
Data Bounding Box:,"36.65,-1.55,37.15,-1.05"
URL to Reproduce Results:,"https://giovanni.gsfc.nasa.gov/giovanni/#service=ArAvTs&starttime=2020-01-01T00:00:00Z&endtime=2025-09-01T23:59:59Z&bbox=36.6,-1.6,37.2,-1&data=GPM_3IMERGDF_07_precipitation&portal=GIOVANNI&format=json"
Fill Value (mean_GPM_3IMERGDF_07_precipitation):, -9999.9

time, mean_GPM_3IMERGDF_07_precipitation
2020-01-01,0.174444705
2020-01-02,0.841417193
2020-01-03,2.46965241
2020-01-04,3.53338456
2020-01-05,1.55702531
2020-01-06,3.65622473
2020-01-07,7.97028494
2020-01-08,5.29091883
2020-01-09,1.16477072
2020-01-10,0.852922499
2020-01-11,2.77770329
2020-01-12,9.82438469
2020-01-13,41.9608574
2020-01-14,3.48118782
2020-01-15,2.09962845
2020-01-16,0.866416752
2020-01-17,1.50527859
2020-01-18,3.80745864
2020-01-19,0.9660905
2020-01-20,0.69584769
2020-01-21,1.05643296
2020-01-22,6.0050292
2020-01-23,5.71410084
2020-01-24,2.74462223
2020-01-25,4.57849789
2020-01-26,20.5586452
2020-01-27,1.62625253
2020-01-28,6.76655626
2020-01-29,3.06798553
2020-01-30,5.55831289
2020-01-31,19.1273651
2020-02-01,28.4461498
2020-02-02,8.17141151
2020-02-03,2.32532883
2020-02-04,0.559754372
2020-02-05,1.11794257
2020-02-06,0.844747543
2020-02-07,0.403205574
2020-02-08,0.301395148
2020-02-09,0.152916029
2020-02-10,0.308620751
2020-02-11,0.188479066
2020-02-12,0.451676846
2020-02-13,0.0786118954
2020-02-14,0.1048645
2020-02-15,0.434030145
2020-02-16,1.12082434
2020-02-17,0.372223228
2020-02-18,0.387233347
2020-02-19,0.203474939
2020-02-20,0.668343604
2020-02-21,0.565141201
2020-02-22,0.528885126
2020-02-23,0.31709069
2020-02-24,0.464178681
2020-02-25,2.89407063
2020-02-26,9.59667492
2020-02-27,13.470624
2020-02-28,0.758900762
2020-02-29,1.66041017
2020-03-01,36.5198555
2020-03-02,15.9396391
2020-03-03,1.6676445
2020-03-04,9.76054955
2020-03-05,12.4163933
2020-03-06,6.84387493
2020-03-07,18.1746216
2020-03-08,5.85342264
2020-03-09,2.60070682
2020-03-10,1.88125515
2020-03-11,0.381545424
2020-03-12,0.445279479
2020-03-13,0.702794313
2020-03-14,0.364592791
2020-03-15,0.615289509
2020-03-16,1.24335897
2020-03-17,1.50349653
2020-03-18,0.219176441
2020-03-19,5.37869358
2020-03-20,1.1121186
2020-03-21,0.264013022
2020-03-22,0.746263623
2020-03-23,0.649863064
2020-03-24,0.900800824
2020-03-25,2.9049468
2020-03-26,40.2342148
2020-03-27,10.4305601
2020-03-28,18.8230228
2020-03-29,16.115736
2020-03-30,2.50620031
2020-03-31,0.993344486
2020-04-01,0.850434959
2020-04-02,2.39432073
2020-04-03,0.998211503
2020-04-04,0.784729481
2020-04-05,1.8039515
2020-04-06,1.24418843
2020-04-07,2.31687665
2020-04-08,0.518487096
2020-04-09,0.572783172
2020-04-10,0.342925221
2020-04-11,0.540139377
2020-04-12,1.13751149
2020-04-13,3.04701161
2020-04-14,10.0257626
2020-04-15,16.8861542
2020-04-16,11.173295
2020-04-17,5.79162407
2020-04-18,24.5725765
2020-04-19,10.2493124
2020-04-20,29.4958534
2020-04-21,38.3624191
2020-04-22,34.63451
2020-04-23,22.9002762
2020-04-24,30.8593826
2020-04-25,38.3190689
2020-04-26,19.7554474
2020-04-27,1.03544617
2020-04-28,3.4583621
2020-04-29,0.647084951
2020-04-30,3.40998077
2020-05-01,0.241118297
2020-05-02,0.703466475
2020-05-03,1.208377
2020-05-04,1.34589076
2020-05-05,1.52631915
2020-05-06,18.9337864
2020-05-07,0.777670562
2020-05-08,0.592079341
2020-05-09,0.440560162
2020-05-10,3.4667511
2020-05-11,1.34792066
2020-05-12,2.2637918
2020-05-13,2.64967418
2020-05-14,1.7096442
2020-05-15,5.59880304
2020-05-16,13.3549461
2020-05-17,0.619306386
2020-05-18,0.24041976
2020-05-19,0.170001745
2020-05-20,1.50001037
2020-05-21,0.812390149
2020-05-22,1.24613047
2020-05-23,0.849469662
2020-05-24,0.193336755
2020-05-25,0.498898983
2020-05-26,0.135420814
2020-05-27,0.754600763
2020-05-28,0.44432804
2020-05-29,0.177776352
2020-05-30,0.182367086
2020-05-31,0.0604178831
2020-06-01,0.508488238
2020-06-02,0.356813967
2020-06-03,0.790297925
2020-06-04,1.61585021
2020-06-05,4.43941164
2020-06-06,0.548206508
2020-06-07,0.402239084
2020-06-08,0.409745187
2020-06-09,0.642075241
2020-06-10,1.12904453
2020-06-11,4.31084871
2020-06-12,26.2239685
2020-06-13,18.2129116
2020-06-14,1.59152031
2020-06-15,0.8953107
2020-06-16,2.11947608
2020-06-17,1.49127758
2020-06-18,1.20960903
2020-06-19,1.13350332
2020-06-20,3.94242167
2020-06-21,2.00421286
2020-06-22,3.11972284
2020-06-23,3.54254675
2020-06-24,2.03897786
2020-06-25,1.45434344
2020-06-26,0.806963503
2020-06-27,0.300140947
2020-06-28,0.180828437
2020-06-29,0.142779559
2020-06-30,0.251942754
2020-07-01,0.152503639
2020-07-02,0.30806756
2020-07-03,1.77834415
2020-07-04,0.313624978
2020-07-05,0.736695766
2020-07-06,0.190138727
2020-07-07,0.613060594
2020-07-08,0.574177623
2020-07-09,0.310708195
2020-07-10,0.14181301
2020-07-11,0.7166996
2020-07-12,1.1412878
2020-07-13,0.261819094
2020-07-14,0.495693445
2020-07-15,0.444169998
2020-07-16,0.625298202
2020-07-17,2.30179262
2020-07-18,1.23808777
2020-07-19,2.35511065
2020-07-20,0.232225627
2020-07-21,0.412649721
2020-07-22,0.303061485
2020-07-23,0.365839005
2020-07-24,0.282787263
2020-07-25,0.507509053
2020-07-26,0.138198957
2020-07-27,0.163896486
2020-07-28,0.217782959
2020-07-29,0.138889521
2020-07-30,0.625014901
2020-07-31,0.248336017
2020-08-01,0.0620858669
2020-08-02,0.0599998049
2020-08-03,0.0247225761
2020-08-04,0.451415658
2020-08-05,0.27459079
2020-08-06,0.463481486
2020-08-07,4.17335224
2020-08-08,0.596398294
2020-08-09,0.198755324
2020-08-10,0.276399016
2020-08-11,5.25367928
2020-08-12,0.0401396714
2020-08-13,0.0800016671
2020-08-14,0.709491134
2020-08-15,2.83495402
2020-08-16,0.434314311
2020-08-17,0.229036465
2020-08-18,0.300559521
2020-08-19,0.156396538
2020-08-20,0.246254176
2020-08-21,0.0238885917
2020-08-22,0.135695234
2020-08-23,0.397786379
2020-08-24,0.0945855826
2020-08-25,0.284591675
2020-08-26,0
2020-08-27,0.14361079
2020-08-28,0.391955793
2020-08-29,1.17210257
2020-08-30,0.357922524
2020-08-31,0.407365292
2020-09-01,0.495571792
2020-09-02,0.0888900459
2020-09-03,0.341539413
2020-09-04,5.91618824
2020-09-05,13.6464872
2020-09-06,0.751021922
2020-09-07,2.95782185
2020-09-08,0.114442937
2020-09-09,0.785577774
2020-09-10,0.583079219
2020-09-11,0.181528896
2020-09-12,0.416538239
2020-09-13,0.473475397
2020-09-14,0.285011828
2020-09-15,0.176668182
2020-09-16,0.318619311
2020-09-17,1.34841669
2020-09-18,0.119304344
2020-09-19,0.0230559316
2020-09-20,0.221399486
2020-09-21,0.505566716
2020-09-22,0.453049988
2020-09-23,0.235975146
2020-09-24,0.0793054625
2020-09-25,3.85094547
2020-09-26,5.42388391
2020-09-27,0.116118006
2020-09-28,0.483481556
2020-09-29,0.714840174
2020-09-30,7.25903797
2020-10-01,0.120416857
2020-10-02,0.689026713
2020-10-03,0.337231457
2020-10-04,0.330971032
2020-10-05,0.0266671851
2020-10-06,0.525854647
2020-10-07,0.294866651
2020-10-08,0.315696806
2020-10-09,0.524038434
2020-10-10,2.75682855
2020-10-11,5.05300808
2020-10-12,0.69986856
2020-10-13,0.852752268
2020-10-14,0.368477732
2020-10-15,0.21861887
2020-10-16,1.48490131
2020-10-17,3.40541506
2020-10-18,3.03949976
2020-10-19,12.3764515
2020-10-20,6.86918211
2020-10-21,2.51355076
2020-10-22,0.170420453
2020-10-23,0.821130455
2020-10-24,0.40766269
2020-10-25,3.94910836
2020-10-26,4.47005606
2020-10-27,3.21528029
2020-10-28,2.82771659
2020-10-29,0.311801553
2020-10-30,3.23427558
2020-10-31,0.913631678
2020-11-01,0.406260014
2020-11-02,0.326959789
2020-11-03,1.15908647
2020-11-04,3.23226643
2020-11-05,2.64815354
2020-11-06,2.87540126
2020-11-07,1.07073236
2020-11-08,7.7680912
2020-11-09,4.96214199
2020-11-10,1.24375677
2020-11-11,5.88522339
2020-11-12,2.09227419
2020-11-13,0.871530533
2020-11-14,2.01649189
2020-11-15,0.665857375
2020-11-16,6.9834919
2020-11-17,0.367796212
2020-11-18,0.054725524
2020-11-19,1.74092829
2020-11-20,4.07751131
2020-11-21,0.699296176
2020-11-22,0.559037507
2020-11-23,1.45972443
2020-11-24,4.38939285
2020-11-25,0.94920373
2020-11-26,1.80159128
2020-11-27,0.941704988
2020-11-28,23.1556511
2020-11-29,5.80406523
2020-11-30,1.04568815
2020-12-01,1.75391185
2020-12-02,1.17377102
2020-12-03,2.02768922
2020-12-04,0.314593703
2020-12-05,0.538761616
2020-12-06,1.15493262
2020-12-07,0.49902913
2020-12-08,14.3546877
2020-12-09,1.02152348
2020-12-10,0.873641968
2020-12-11,0.462373585
2020-12-12,0.150283784
2020-12-13,0.137225494
2020-12-14,0.0761127099
2020-12-15,0.100419059
2020-12-16,0.673607707
2020-12-17,0.452226639
2020-12-18,0.446676552
2020-12-19,1.1618067
2020-12-20,0.369591653
2020-12-21,0.169034526
2020-12-22,0.104159653
2020-12-23,1.83569717
2020-12-24,0.813344598
2020-12-25,0.214170948
2020-12-26,0.219171882
2020-12-27,0.0263895597
2020-12-28,0.424864948
2020-12-29,0.101110473
2020-12-30,1.05087316
2020-12-31,24.030489
2021-01-01,3.98279977
2021-01-02,0.588214338
2021-01-03,0.32542482
2021-01-04,0.11291302
2021-01-05,0.0898645371
2021-01-06,0.205977365
2021-01-07,0.120835364
2021-01-08,2.4590342
2021-01-09,15.7566433
2021-01-10,4.92167521
2021-01-11,0.701525867
2021-01-12,0.407795161
2021-01-13,0.819740653
2021-01-14,0.24459061
2021-01-15,0.364448309
2021-01-16,0.215697125
2021-01-17,0.158467412
2021-01-18,0.492206782
2021-01-19,0.451258153
2021-01-20,0.0573643222
2021-01-21,0.0625025779
2021-01-22,0.393331856
2021-01-23,0.431254178
2021-01-24,0.257362992
2021-01-25,0.331119716
2021-01-26,0.0743046626
2021-01-27,0.132780775
2021-01-28,0.0670849979
2021-01-29,0.313899785
2021-01-30,0.63445437
2021-01-31,0.104446344
2021-02-01,0.0583366603
2021-02-02,0.211529374
2021-02-03,0.0672240555
2021-02-04,0.152925014
2021-02-05,0.0548638776
2021-02-06,11.2123365
2021-02-07,11.9355011
2021-02-08,13.2817764
2021-02-09,0.93570298
2021-02-10,0.596810758
2021-02-11,1.67109609
2021-02-12,7.36138535
2021-02-13,14.7635612
2021-02-14,18.9450703
2021-02-15,0.923343301
2021-02-16,0.506398857
2021-02-17,0.193060324
2021-02-18,0.0174997784
2021-02-19,0.0276397131
2021-02-20,0.234874696
2021-02-21,4.55955124
2021-02-22,8.11084366
2021-02-23,1.8194629
2021-02-24,0.805413425
2021-02-25,0.0865302756
2021-02-26,0.304312319
2021-02-27,0.614731967
2021-02-28,0.131255597
2021-03-01,0.0869499668
2021-03-02,0.190699011
2021-03-03,0.165556893
2021-03-04,0.155000821
2021-03-05,0.272365719
2021-03-06,0.180141777
2021-03-07,0.105277352
2021-03-08,0.0527796634
2021-03-09,0.375705034
2021-03-10,0.00194456195
2021-03-11,0.416391909
2021-03-12,0.189724565
2021-03-13,0.0501393154
2021-03-14,0
2021-03-15,0.256951809
2021-03-16,2.16442609
2021-03-17,0.326394886
2021-03-18,2.44661522
2021-03-19,0.369455665
2021-03-20,3.35985732
2021-03-21,0.691693902
2021-03-22,1.26751828
2021-03-23,0.633497119
2021-03-24,0.625708878
2021-03-25,0.276529014
2021-03-26,1.25628138
2021-03-27,8.95660496
2021-03-28,10.2435713
2021-03-29,2.84027576
2021-03-30,3.11087036
2021-03-31,1.79970598
2021-04-01,1.02226365
2021-04-02,0.509708881
2021-04-03,7.66753817
2021-04-04,11.2641506
2021-04-05,26.1817837
2021-04-06,14.6046524
2021-04-07,6.08206844
2021-04-08,2.63874388
2021-04-09,18.2742844
2021-04-10,9.43321705
2021-04-11,4.75002289
2021-04-12,1.80587626
2021-04-13,3.7708497
2021-04-14,4.63607693
2021-04-15,2.40427661
2021-04-16,0.391536534
2021-04-17,1.04280961
2021-04-18,0.521664917
2021-04-19,1.56099713
2021-04-20,2.00441575
2021-04-21,9.08893204
2021-04-22,9.06120777
2021-04-23,4.01086617
2021-04-24,1.920735
2021-04-25,8.11073971
2021-04-26,1.63433313
2021-04-27,1.33200061
2021-04-28,0.301255196
2021-04-29,0.536534607
2021-04-30,0.522506177
2021-05-01,0.253751099
2021-05-02,0.800737023
2021-05-03,4.6464057
2021-05-04,1.34600937
2021-05-05,0.805573583
2021-05-06,1.01014876
2021-05-07,7.30215263
2021-05-08,10.8345366
2021-05-09,8.88649464
2021-05-10,16.6995754
2021-05-11,40.7761192
2021-05-12,34.7089462
2021-05-13,12.193984
2021-05-14,1.52224374
2021-05-15,0.822790563
2021-05-16,0.433487713
2021-05-17,0.28264159
2021-05-18,0.227499858
2021-05-19,0.818498373
2021-05-20,0.157225966
2021-05-21,0.0734745488
2021-05-22,0.013472544
2021-05-23,0.5489012
2021-05-24,1.04681873
2021-05-25,0.923635244
2021-05-26,1.04006147
2021-05-27,0.219868705
2021-05-28,1.01406491
2021-05-29,0.496390402
2021-05-30,0.685989499
2021-05-31,1.33839285
2021-06-01,0.071526885
2021-06-02,0.139454171
2021-06-03,0.575705528
2021-06-04,0.5230757
2021-06-05,0.00152781419
2021-06-06,0.448898971
2021-06-07,0.22181043
2021-06-08,0.319174469
2021-06-09,0.122781426
2021-06-10,0.0711105838
2021-06-11,0.0656963289
2021-06-12,0.223762065
2021-06-13,0.477515191
2021-06-14,0.508083105
2021-06-15,0.428618312
2021-06-16,0.288479
2021-06-17,0.497235537
2021-06-18,0.595579207
2021-06-19,0.159586042
2021-06-20,0.820714414
2021-06-21,0.222508907
2021-06-22,0.59751451
2021-06-23,0.55571568
2021-06-24,0.118889466
2021-06-25,0.437371582
2021-06-26,0.0640284047
2021-06-27,0.12722677
2021-06-28,0.0477778651
2021-06-29,0.25639841
2021-06-30,0.165980384
2021-07-01,10.1382751
2021-07-02,0.616116524
2021-07-03,0.225974023
2021-07-04,0.560012043
2021-07-05,0.262916684
2021-07-06,0.613213778
2021-07-07,0.798351586
2021-07-08,0.516249597
2021-07-09,0.222367525
2021-07-10,1.03751647
2021-07-11,0.790298343
2021-07-12,1.62543786
2021-07-13,1.22559428
2021-07-14,0.463491797
2021-07-15,0.423064977
2021-07-16,1.16781425
2021-07-17,0.246673241
2021-07-18,0.582239628
2021-07-19,0.232637137
2021-07-20,0.267088652
2021-07-21,0.148332819
2021-07-22,0.313899517
2021-07-23,0.241386965
2021-07-24,0.353207618
2021-07-25,0.0061114803
2021-07-26,0.702789485
2021-07-27,0.398204803
2021-07-28,0.100693636
2021-07-29,2.28300834
2021-07-30,0.664599597
2021-07-31,0.208615616
2021-08-01,0.118752733
2021-08-02,0.618207693
2021-08-03,0.421811998
2021-08-04,0.275830477
2021-08-05,0.0288893189
2021-08-06,0.0637518391
2021-08-07,0.0716679767
2021-08-08,0.121253945
2021-08-09,2.76565218
2021-08-10,10.3166275
2021-08-11,0.602350891
2021-08-12,0.128614321
2021-08-13,0.291257858
2021-08-14,0.099584423
2021-08-15,0.167090878
2021-08-16,0.231670678
2021-08-17,0.0423619151
2021-08-18,0.270284444
2021-08-19,4.35262156
2021-08-20,0.378906339
2021-08-21,0.0184728187
2021-08-22,0.157371998
2021-08-23,0.0197225623
2021-08-24,0.0102780219
2021-08-25,0.119865246
2021-08-26,0.0125006484
2021-08-27,0.0726411045
2021-08-28,0.174170032
2021-08-29,0.143896326
2021-08-30,1.27921367
2021-08-31,0.291814595
2021-09-01,0.230564222
2021-09-02,0.0237509105
2021-09-03,0.109170161
2021-09-04,0.0744461194
2021-09-05,0.0459719189
2021-09-06,0.0215275921
2021-09-07,0.0584725328
2021-09-08,0.289455891
2021-09-09,0.966697216
2021-09-10,0.106668614
2021-09-11,0.0129164625
2021-09-12,0.154308781
2021-09-13,0.144863158
2021-09-14,0.168611974
2021-09-15,0.703508317
2021-09-16,0.443078697
2021-09-17,1.42230213
2021-09-18,0.473767102
2021-09-19,0.105837695
2021-09-20,0.65196383
2021-09-21,0.107224569
2021-09-22,0.160560384
2021-09-23,0.349188745
2021-09-24,0.227370232
2021-09-25,0.163344353
2021-09-26,0.864187002
2021-09-27,0.0968098491
2021-09-28,0.209166124
2021-09-29,0.0916698053
2021-09-30,0.0877778083
2021-10-01,0.167233288
2021-10-02,0.197229192
2021-10-03,3.33313179
2021-10-04,5.98091316
2021-10-05,0.577789187
2021-10-06,0.283897877
2021-10-07,0.183201402
2021-10-08,1.64892757
2021-10-09,0.234443992
2021-10-10,0.735542834
2021-10-11,0.156949371
2021-10-12,0.698053181
2021-10-13,0.63250649
2021-10-14,0.539038718
2021-10-15,0.62071079
2021-10-16,0.463344961
2021-10-17,3.04140663
2021-10-18,0.694601297
2021-10-19,1.19587326
2021-10-20,0.592665076
2021-10-21,0.785127699
2021-10-22,0.32874611
2021-10-23,0.174167156
2021-10-24,0.443771005
2021-10-25,0.760872662
2021-10-26,0.796548426
2021-10-27,5.21024132
2021-10-28,0.38598457
2021-10-29,0.893071592
2021-10-30,5.24531555
2021-10-31,0.264313906
2021-11-01,0.0634757429
2021-11-02,0.85577929
2021-11-03,0.506560266
2021-11-04,0.625990927
2021-11-05,0.326955169
2021-11-06,1.0029062
2021-11-07,0.0909740627
2021-11-08,0.104587272
2021-11-09,0.079725489
2021-11-10,2.19734764
2021-11-11,0.240702584
2021-11-12,0.0291684289
2021-11-13,0.691807032
2021-11-14,1.01849794
2021-11-15,1.14434755
2021-11-16,2.18505597
2021-11-17,0.315422893
2021-11-18,0.288756341
2021-11-19,0.54916966
2021-11-20,5.65741539
2021-11-21,3.79222631
2021-11-22,1.36847639
2021-11-23,0.826614976
2021-11-24,1.06413293
2021-11-25,3.73770285
2021-11-26,6.99997997
2021-11-27,28.8388538
2021-11-28,24.3999043
2021-11-29,6.46503592
2021-11-30,15.0257635
2021-12-01,1.38405609
2021-12-02,7.13011646
2021-12-03,4.53768826
2021-12-04,1.57119513
2021-12-05,0.942242324
2021-12-06,0.94711107
2021-12-07,0.74113667
2021-12-08,2.62122512
2021-12-09,2.2307241
2021-12-10,2.7045157
2021-12-11,0.402644247
2021-12-12,0.729882419
2021-12-13,0.410985589
2021-12-14,2.46104622
2021-12-15,1.27213299
2021-12-16,1.23962402
2021-12-17,1.52379942
2021-12-18,2.61751318
2021-12-19,6.95181465
2021-12-20,4.20334816
2021-12-21,23.7290897
2021-12-22,4.22697163
2021-12-23,5.63692474
2021-12-24,5.56885767
2021-12-25,14.8587523
2021-12-26,5.45186281
2021-12-27,4.41454077
2021-12-28,6.61980486
2021-12-29,5.74445438
2021-12-30,1.36226666
2021-12-31,1.86464775
2022-01-01,0.297510475
2022-01-02,0.113475785
2022-01-03,0.0845862702
2022-01-04,0.362792253
2022-01-05,1.02598798
2022-01-06,0.974868715
2022-01-07,0.498754442
2022-01-08,0.109729089
2022-01-09,0.219866946
2022-01-10,0.0029167363
2022-01-11,0
2022-01-12,0.0277778469
2022-01-13,0.0291669741
2022-01-14,0.0747246444
2022-01-15,12.5996675
2022-01-16,1.55834615
2022-01-17,5.37732792
2022-01-18,8.95696068
2022-01-19,3.48211265
2022-01-20,2.22744298
2022-01-21,3.35840344
2022-01-22,0.447799772
2022-01-23,0.494182169
2022-01-24,0.330972135
2022-01-25,0.242224082
2022-01-26,0.0429173373
2022-01-27,0.113057502
2022-01-28,0.0388898887
2022-01-29,0.238473997
2022-01-30,0.174446926
2022-01-31,1.10847127
2022-02-01,0.580012441
2022-02-02,0.317645401
2022-02-03,1.01808655
2022-02-04,0.619045019
2022-02-05,5.49769735
2022-02-06,3.89643192
2022-02-07,2.55218935
2022-02-08,0.298065305
2022-02-09,0.139586061
2022-02-10,0.523345292
2022-02-11,0.526961803
2022-02-12,0.400973946
2022-02-13,0.415581524
2022-02-14,0.710564554
2022-02-15,1.50833774
2022-02-16,0.633901298
2022-02-17,0.351543128
2022-02-18,2.5405798
2022-02-19,4.13875484
2022-02-20,0.979839146
2022-02-21,1.57416999
2022-02-22,10.5799704
2022-02-23,21.9391785
2022-02-24,1.45430923
2022-02-25,0.0588911213
2022-02-26,0.758045852
2022-02-27,0.0427787974
2022-02-28,0.032777261
2022-03-01,0.177643135
2022-03-02,0.231669918
2022-03-03,0.0959742516
2022-03-04,0.0419449061
2022-03-05,0.0829204619
2022-03-06,0.0644480959
2022-03-07,0.105973072
2022-03-08,0.0466677807
2022-03-09,0.077087
2022-03-10,0.103474692
2022-03-11,0.0175004173
2022-03-12,0.0120840631
2022-03-13,0
2022-03-14,0.367367178
2022-03-15,0.016944848
2022-03-16,0.14583683
2022-03-17,0.766815186
2022-03-18,0.437912583
2022-03-19,0.0202790014
2022-03-20,0.00624990137
2022-03-21,0.0883337483
2022-03-22,0.0355556123
2022-03-23,0.117780179
2022-03-24,0.230000302
2022-03-25,5.07779789
2022-03-26,8.31903744
2022-03-27,7.40851831
2022-03-28,15.841979
2022-03-29,4.784482
2022-03-30,2.13567376
2022-03-31,0.679181397
2022-04-01,2.02547979
2022-04-02,0.768794656
2022-04-03,0.609721661
2022-04-04,0.0826393142
2022-04-05,0.0197224077
2022-04-06,0.195141301
2022-04-07,0.783058643
2022-04-08,0.307512909
2022-04-09,0.213339373
2022-04-10,0.138058379
2022-04-11,3.18271923
2022-04-12,0.822377861
2022-04-13,0.980992854
2022-04-14,1.81278086
2022-04-15,0.459606349
2022-04-16,1.08457637
2022-04-17,4.90031767
2022-04-18,4.44626379
2022-04-19,9.50712776
2022-04-20,27.2760925
2022-04-21,16.4066696
2022-04-22,21.0937862
2022-04-23,4.21013784
2022-04-24,3.8769207
2022-04-25,0.995039582
2022-04-26,1.40560627
2022-04-27,6.01226425
2022-04-28,22.1757202
2022-04-29,2.78276014
2022-04-30,0.581253588
2022-05-01,1.71556818
2022-05-02,0.255285472
2022-05-03,0.772251904
2022-05-04,0.576259136
2022-05-05,0.334866017
2022-05-06,0.508058727
2022-05-07,0.876152337
2022-05-08,1.02013993
2022-05-09,0.874602199
2022-05-10,0.207225889
2022-05-11,0.867690265
2022-05-12,0.060279645
2022-05-13,0.299311429
2022-05-14,0.0984728187
2022-05-15,0.0251392853
2022-05-16,0.0979135633
2022-05-17,0.252369374
2022-05-18,0.0723627508
2022-05-19,0.212362662
2022-05-20,0.0629177019
2022-05-21,0
2022-05-22,0.480846554
2022-05-23,1.09392607
2022-05-24,0.600838542
2022-05-25,2.52161336
2022-05-26,3.16571379
2022-05-27,4.22927713
2022-05-28,2.04030919
2022-05-29,0.833905101
2022-05-30,1.13818836
2022-05-31,0.714886785
2022-06-01,0.688466072
2022-06-02,0.356122017
2022-06-03,0.404188305
2022-06-04,0.39696458
2022-06-05,0.0759719014
2022-06-06,0.13861315
2022-06-07,1.88887143
2022-06-08,1.00600696
2022-06-09,1.40249991
2022-06-10,0.0306948628
2022-06-11,0.544182122
2022-06-12,0.387937069
2022-06-13,0.0659729913
2022-06-14,0.0509736277
2022-06-15,0.295555145
2022-06-16,0.254452169
2022-06-17,0
2022-06-18,0.267092556
2022-06-19,0.330427289
2022-06-20,0.283763915
2022-06-21,0.112643629
2022-06-22,0.315160215
2022-06-23,0.835719228
2022-06-24,0.0580534562
2022-06-25,0.0625035614
2022-06-26,0.165552676
2022-06-27,0.63194114
2022-06-28,1.18145144
2022-06-29,1.32294559
2022-06-30,0.226397455
2022-07-01,0.444316655
2022-07-02,0.942657173
2022-07-03,0.0458343923
2022-07-04,0.400968432
2022-07-05,0.921952605
2022-07-06,0
2022-07-07,0.259865016
2022-07-08,0.171808079
2022-07-09,0.294855744
2022-07-10,0.351113379
2022-07-11,0.21986796
2022-07-12,0.00472214771
2022-07-13,0.198201686
2022-07-14,0.475158453
2022-07-15,0.167512417
2022-07-16,0.278895378
2022-07-17,0.0706955865
2022-07-18,0.552228451
2022-07-19,0.580438256
2022-07-20,1.07030737
2022-07-21,1.23755515
2022-07-22,0.547236919
2022-07-23,0.226122484
2022-07-24,0
2022-07-25,0.432234168
2022-07-26,0.026249893
2022-07-27,0.903505445
2022-07-28,0.0348619185
2022-07-29,0.974568665
2022-07-30,0.397237211
2022-07-31,0.0127780819
2022-08-01,0.0344447978
2022-08-02,0.620159805
2022-08-03,0.251948267
2022-08-04,0.0852754265
2022-08-05,0.0284712389
2022-08-06,0.415985882
2022-08-07,0.0845866203
2022-08-08,0.216672182
2022-08-09,0.00930611696
2022-08-10,0.27264455
2022-08-11,0.0138892205
2022-08-12,0.510864377
2022-08-13,0.0950043648
2022-08-14,0.240835816
2022-08-15,0.0479178093
2022-08-16,0.255974948
2022-08-17,0.68241322
2022-08-18,0.761549413
2022-08-19,0.588061154
2022-08-20,0.19250226
2022-08-21,0.630016148
2022-08-22,1.34363866
2022-08-23,0.33111915
2022-08-24,0.226810917
2022-08-25,0.197087348
2022-08-26,0.444609612
2022-08-27,1.55936193
2022-08-28,0.196392789
2022-08-29,3.08743334
2022-08-30,0.81683284
2022-08-31,4.40682983
2022-09-01,0.3773669
2022-09-02,0.237502337
2022-09-03,0.404864937
2022-09-04,0.699595273
2022-09-05,0.992937028
2022-09-06,11.7207422
2022-09-07,0.970256567
2022-09-08,0.278623909
2022-09-09,0.202781275
2022-09-10,0.181254804
2022-09-11,0.481397837
2022-09-12,0.135285795
2022-09-13,0.414451778
2022-09-14,0.534872055
2022-09-15,0.168620199
2022-09-16,0.172917873
2022-09-17,0.116111353
2022-09-18,0.511827826
2022-09-19,0.349424362
2022-09-20,0.230000317
2022-09-21,0
2022-09-22,1.07811058
2022-09-23,0.039584849
2022-09-24,0.0518063344
2022-09-25,0.366792113
2022-09-26,0.113887154
2022-09-27,0.237091348
2022-09-28,1.48960888
2022-09-29,1.34878957
2022-09-30,0.300289899
2022-10-01,1.70403779
2022-10-02,0.243054301
2022-10-03,2.05270743
2022-10-04,0.715692222
2022-10-05,0.168609992
2022-10-06,0.137223035
2022-10-07,0.153475285
2022-10-08,0.833086491
2022-10-09,0.618891656
2022-10-10,0.234597266
2022-10-11,0.0866707861
2022-10-12,0.17639327
2022-10-13,0.71945858
2022-10-14,0.0945838615
2022-10-15,0.146529093
2022-10-16,0.464736819
2022-10-17,0.37834996
2022-10-18,0.38667506
2022-10-19,0.0401382521
2022-10-20,0.251400709
2022-10-21,0.231257588
2022-10-22,0.0672264323
2022-10-23,0.0845840722
2022-10-24,0.086528033
2022-10-25,0.14472194
2022-10-26,0.290697008
2022-10-27,0.0936130434
2022-10-28,0.15917255
2022-10-29,0.217089936
2022-10-30,0.0854173824
2022-10-31,0.462520897
2022-11-01,2.65765285
2022-11-02,6.64510822
2022-11-03,1.9655019
2022-11-04,0.859613001
2022-11-05,0.964753151
2022-11-06,0.398896217
2022-11-07,0.383620501
2022-11-08,0.11138963
2022-11-09,0.235014677
2022-11-10,0.360702693
2022-11-11,1.30391681
2022-11-12,8.52796841
2022-11-13,6.50039721
2022-11-14,23.7061634
2022-11-15,9.27121067
2022-11-16,14.5949287
2022-11-17,11.0431366
2022-11-18,5.77529383
2022-11-19,18.7177811
2022-11-20,5.52265978
2022-11-21,5.07513809
2022-11-22,1.86003983
2022-11-23,8.72368908
2022-11-24,3.75826263
2022-11-25,1.66643238
2022-11-26,0.914442301
2022-11-27,2.13836312
2022-11-28,3.68024564
2022-11-29,1.25350869
2022-11-30,1.81747818
2022-12-01,0.36569491
2022-12-02,0.569162071
2022-12-03,0.964592755
2022-12-04,3.47510767
2022-12-05,0.834061146
2022-12-06,0.890145361
2022-12-07,0.729761899
2022-12-08,1.03449988
2022-12-09,3.53483486
2022-12-10,5.98353863
2022-12-11,2.2230773
2022-12-12,4.33601379
2022-12-13,1.27548063
2022-12-14,0.252507269
2022-12-15,0.346807063
2022-12-16,0.440570354
2022-12-17,0.540270567
2022-12-18,0.314451516
2022-12-19,0.52998513
2022-12-20,0.995167315
2022-12-21,0.561255336
2022-12-22,0.3090325
2022-12-23,0.401537538
2022-12-24,0.218060613
2022-12-25,0.824319959
2022-12-26,1.21425247
2022-12-27,14.0501585
2022-12-28,2.91294599
2022-12-29,0.240289494
2022-12-30,0.142781705
2022-12-31,0.183747113
2023-01-01,0.019026665
2023-01-02,0.032777261
2023-01-03,2.12009501
2023-01-04,1.87329471
2023-01-05,0.182373717
2023-01-06,0.45723477
2023-01-07,0.843358278
2023-01-08,1.31364369
2023-01-09,0.828784168
2023-01-10,0.591270566
2023-01-11,0.137358651
2023-01-12,0.355560422
2023-01-13,0.0886117145
2023-01-14,0.152363256
2023-01-15,0.108196259
2023-01-16,0.280556381
2023-01-17,0.236256659
2023-01-18,0.295410097
2023-01-19,0.536799371
2023-01-20,0.129440576
2023-01-21,0.353490293
2023-01-22,2.75042295
2023-01-23,0.379300147
2023-01-24,1.13975573
2023-01-25,0.0636110529
2023-01-26,0.164727464
2023-01-27,0.0269448049
2023-01-28,0
2023-01-29,0.00305562839
2023-01-30,0.130971342
2023-01-31,0.282624543
2023-02-01,0.0987552702
2023-02-02,0.0180559736
2023-02-03,0.0148611255
2023-02-04,0.00611123908
2023-02-05,0.00791690592
2023-02-06,0.0180557854
2023-02-07,0.0975009575
2023-02-08,0.20472692
2023-02-09,0.0502797961
2023-02-10,0.0555545874
2023-02-11,0.0820845813
2023-02-12,0.0193064064
2023-02-13,0.0127782729
2023-02-14,0.0111113749
2023-02-15,0.0138887139
2023-02-16,0.108336814
2023-02-17,0.0919468328
2023-02-18,0.01750049
2023-02-19,0.0052776942
2023-02-20,0.109862991
2023-02-21,0.196113303
2023-02-22,0.0852793157
2023-02-23,0.0481943935
2023-02-24,0.0501376428
2023-02-25,0.00583347259
2023-02-26,0.0456951819
2023-02-27,0.0681940466
2023-02-28,0.01833448
2023-03-01,0.158200637
2023-03-02,0.33014062
2023-03-03,0.269308925
2023-03-04,0.108196057
2023-03-05,0
2023-03-06,0.0320832469
2023-03-07,0
2023-03-08,0.0955577269
2023-03-09,0
2023-03-10,0.0451383591
2023-03-11,0
2023-03-12,0.0090278713
2023-03-13,0.122088581
2023-03-14,0.4194704
2023-03-15,7.32035589
2023-03-16,14.9343567
2023-03-17,0.44556573
2023-03-18,0.290836006
2023-03-19,0.0918061286
2023-03-20,4.25798988
2023-03-21,14.3738995
2023-03-22,4.90760756
2023-03-23,15.0054703
2023-03-24,5.01305151
2023-03-25,33.3944931
2023-03-26,13.6886845
2023-03-27,0.584035158
2023-03-28,1.91476941
2023-03-29,0.171809539
2023-03-30,0.405140847
2023-03-31,0.994140387
2023-04-01,7.0441184
2023-04-02,10.3405113
2023-04-03,18.1774483
2023-04-04,6.75607061
2023-04-05,0.542087674
2023-04-06,1.57863593
2023-04-07,0.527935207
2023-04-08,14.8570347
2023-04-09,1.60709822
2023-04-10,5.10331583
2023-04-11,2.35038161
2023-04-12,3.12878942
2023-04-13,12.5919256
2023-04-14,10.3467197
2023-04-15,1.04315853
2023-04-16,2.46629
2023-04-17,1.88270307
2023-04-18,1.80269539
2023-04-19,1.95363343
2023-04-20,0.723341703
2023-04-21,1.57494271
2023-04-22,17.4779434
2023-04-23,3.88212824
2023-04-24,3.78385711
2023-04-25,22.3292599
2023-04-26,24.8574696
2023-04-27,2.95629239
2023-04-28,24.3520088
2023-04-29,4.16430759
2023-04-30,24.3161144
2023-05-01,14.8498545
2023-05-02,4.7358017
2023-05-03,0.717375219
2023-05-04,1.97740984
2023-05-05,0.335566908
2023-05-06,0.460018069
2023-05-07,0.271250397
2023-05-08,0.850324988
2023-05-09,2.44533944
2023-05-10,1.27739286
2023-05-11,0.940855026
2023-05-12,0.301807493
2023-05-13,0.611411572
2023-05-14,0.284733653
2023-05-15,0.262925446
2023-05-16,0.453354508
2023-05-17,0.321818262
2023-05-18,1.52351534
2023-05-19,0.253481448
2023-05-20,0.420846134
2023-05-21,0.457783937
2023-05-22,0.565987885
2023-05-23,0.921411157
2023-05-24,0.288612127
2023-05-25,0.225837231
2023-05-26,0.0447241217
2023-05-27,0.137920156
2023-05-28,0.31667152
2023-05-29,0.256393522
2023-05-30,1.41852129
2023-05-31,0.472510844
2023-06-01,0.340562463
2023-06-02,0.297505915
2023-06-03,0.218745068
2023-06-04,0.093613781
2023-06-05,0.317510784
2023-06-06,0.327798903
2023-06-07,0.170838699
2023-06-08,0.173480943
2023-06-09,0.30667299
2023-06-10,1.89063478
2023-06-11,0.657238662
2023-06-12,1.5332582
2023-06-13,0.803332031
2023-06-14,10.3401737
2023-06-15,1.27351153
2023-06-16,0.500152051
2023-06-17,0.20430927
2023-06-18,0.071807608
2023-06-19,0.213470221
2023-06-20,0.020277163
2023-06-21,0.279462695
2023-06-22,0.214312613
2023-06-23,0.463072419
2023-06-24,0.87503165
2023-06-25,1.72820854
2023-06-26,0.256533384
2023-06-27,0.0879196599
2023-06-28,0.279033959
2023-06-29,0.0345851853
2023-06-30,0.145975962
2023-07-01,0.108338036
2023-07-02,0.2970891
2023-07-03,0.427650988
2023-07-04,0.206808463
2023-07-05,0.563214123
2023-07-06,0.0580556542
2023-07-07,0.413063467
2023-07-08,0.682251692
2023-07-09,0.0511124134
2023-07-10,0.1058373
2023-07-11,0.572528601
2023-07-12,0.292787671
2023-07-13,0.0191676654
2023-07-14,0.117645606
2023-07-15,0.145704076
2023-07-16,0.182087332
2023-07-17,0.456959009
2023-07-18,0.106250651
2023-07-19,0.281808376
2023-07-20,0.765315592
2023-07-21,0.64822185
2023-07-22,0.0419482961
2023-07-23,0.188761875
2023-07-24,0.186119407
2023-07-25,0.157504603
2023-07-26,0.0916681811
2023-07-27,0.293884844
2023-07-28,0.012083143
2023-07-29,0.00263900775
2023-07-30,0.401810348
2023-07-31,0.0738908052
2023-08-01,0.29084298
2023-08-02,0.126807794
2023-08-03,0.0193052515
2023-08-04,0.164036974
2023-08-05,0.0636139885
2023-08-06,0.259317309
2023-08-07,0.446568221
2023-08-08,0.844028413
2023-08-09,1.65365982
2023-08-10,0.184727356
2023-08-11,0.132365629
2023-08-12,0.100145102
2023-08-13,0.226394281
2023-08-14,0.011667016
2023-08-15,0.115281761
2023-08-16,0.00541679561
2023-08-17,0.172226056
2023-08-18,0.229309946
2023-08-19,0.113478601
2023-08-20,0.253486842
2023-08-21,1.07351935
2023-08-22,0.626007795
2023-08-23,0
2023-08-24,0.0250015091
2023-08-25,0.0363906547
2023-08-26,0
2023-08-27,0
2023-08-28,0.0158330835
2023-08-29,0.417919189
2023-08-30,0.0273610204
2023-08-31,0.288755685
2023-09-01,0.191120744
2023-09-02,0.343482465
2023-09-03,0.111392222
2023-09-04,0.0726408958
2023-09-05,0.144859269
2023-09-06,2.22341323
2023-09-07,18.2723827
2023-09-08,1.37209833
2023-09-09,0.133061349
2023-09-10,0.275425792
2023-09-11,0.303341985
2023-09-12,2.87211156
2023-09-13,0.0999986231
2023-09-14,0.0598601662
2023-09-15,0.0736121386
2023-09-16,0.592896163
2023-09-17,0.836498678
2023-09-18,0.610821664
2023-09-19,0.623749435
2023-09-20,4.59125853
2023-09-21,2.57774711
2023-09-22,0.0762507096
2023-09-23,0.00374994078
2023-09-24,0.0250009056
2023-09-25,0.666142285
2023-09-26,6.35592604
2023-09-27,0.539711356
2023-09-28,0
2023-09-29,0
2023-09-30,0.161391646
2023-10-01,0.160823509
2023-10-02,2.1733005
2023-10-03,0.135423645
2023-10-04,0.938759089
2023-10-05,0.459866703
2023-10-06,0.338884383
2023-10-07,0.479594171
2023-10-08,0.751682401
2023-10-09,0.789748013
2023-10-10,0.320150405
2023-10-11,3.41706252
2023-10-12,0.99640578
2023-10-13,0.4108316
2023-10-14,0.0908318982
2023-10-15,0.255553991
2023-10-16,5.52830029
2023-10-17,8.56134796
2023-10-18,16.5021286
2023-10-19,2.85879898
2023-10-20,0.749580383
2023-10-21,0.570980132
2023-10-22,0.720583618
2023-10-23,0.229722127
2023-10-24,0.669044554
2023-10-25,0.440568596
2023-10-26,4.63489723
2023-10-27,2.85228181
2023-10-28,1.46225846
2023-10-29,0.776112735
2023-10-30,1.38717103
2023-10-31,4.64312506
2023-11-01,0.892834365
2023-11-02,17.2331676
2023-11-03,35.3484764
2023-11-04,4.92487574
2023-11-05,15.6778574
2023-11-06,36.6379623
2023-11-07,35.741394
2023-11-08,9.27323532
2023-11-09,4.69957685
2023-11-10,6.81646919
2023-11-11,3.44404268
2023-11-12,5.66941929
2023-11-13,6.01864147
2023-11-14,7.63630962
2023-11-15,4.01325846
2023-11-16,2.4724915
2023-11-17,7.43294001
2023-11-18,2.23042035
2023-11-19,10.1411037
2023-11-20,9.12523842
2023-11-21,20.3689442
2023-11-22,21.8968029
2023-11-23,17.7243767
2023-11-24,13.2934647
2023-11-25,20.2881947
2023-11-26,5.86233234
2023-11-27,2.95309353
2023-11-28,2.53160286
2023-11-29,1.55432761
2023-11-30,1.54073393
2023-12-01,0.968073785
2023-12-02,0.828326344
2023-12-03,0.365704477
2023-12-04,0.238337457
2023-12-05,0.634184539
2023-12-06,2.01318955
2023-12-07,0.658062041
2023-12-08,0.58139497
2023-12-09,0.604727328
2023-12-10,1.04739249
2023-12-11,0.653200626
2023-12-12,0.883778274
2023-12-13,4.96949911
2023-12-14,10.6190958
2023-12-15,10.6214056
2023-12-16,0.855984151
2023-12-17,0.43584612
2023-12-18,0.122500345
2023-12-19,0.56710732
2023-12-20,0.653070748
2023-12-21,0.0911106095
2023-12-22,3.50956488
2023-12-23,3.35462642
2023-12-24,0.806973696
2023-12-25,1.37390578
2023-12-26,1.19293404
2023-12-27,1.36504841
2023-12-28,2.03045344
2023-12-29,1.31664312
2023-12-30,0.840016723
2023-12-31,1.95834732
2024-01-01,2.03870463
2024-01-02,1.0408684
2024-01-03,0.589039087
2024-01-04,1.53619897
2024-01-05,23.1335449
2024-01-06,14.4459238
2024-01-07,4.21175432
2024-01-08,2.31263947
2024-01-09,0.82905978
2024-01-10,4.00791502
2024-01-11,7.07275343
2024-01-12,19.7220726
2024-01-13,21.9250431
2024-01-14,4.71273565
2024-01-15,2.19030929
2024-01-16,2.16712022
2024-01-17,5.20591354
2024-01-18,8.68744183
2024-01-19,13.1499653
2024-01-20,14.7937145
2024-01-21,1.63987136
2024-01-22,2.10186148
2024-01-23,1.12683523
2024-01-24,0.624738336
2024-01-25,0.969207466
2024-01-26,0.299732804
2024-01-27,0.0990285277
2024-01-28,0.683069646
2024-01-29,0.177920818
2024-01-30,0.310558319
2024-01-31,1.07140136
2024-02-01,0.686398625
2024-02-02,0.194449827
2024-02-03,0.572366774
2024-02-04,0.426540047
2024-02-05,0.0706965327
2024-02-06,0.947703362
2024-02-07,0.45583865
2024-02-08,0.857096374
2024-02-09,0.516399026
2024-02-10,0.262228161
2024-02-11,0.29736504
2024-02-12,0.716536224
2024-02-13,0.180974215
2024-02-14,0.301537126
2024-02-15,0.207226694
2024-02-16,0.143060401
2024-02-17,0.258895189
2024-02-18,0.533896923
2024-02-19,0.384867966
2024-02-20,0.220140427
2024-02-21,0.31000182
2024-02-22,0.160840467
2024-02-23,0.269989133
2024-02-24,3.27390647
2024-02-25,1.09100592
2024-02-26,3.05420089
2024-02-27,35.4199562
2024-02-28,8.4332056
2024-02-29,3.06859446
2024-03-01,0.815852642
2024-03-02,0.119310282
2024-03-03,0.730427027
2024-03-04,6.06825733
2024-03-05,0.71918124
2024-03-06,0.223331496
2024-03-07,0.145278722
2024-03-08,3.20761418
2024-03-09,0.76099205
2024-03-10,0.198198751
2024-03-11,0.0484735109
2024-03-12,0.134861425
2024-03-13,1.62423241
2024-03-14,0.960015476
2024-03-15,0.335278779
2024-03-16,0.112638623
2024-03-17,0.233338758
2024-03-18,0.408063918
2024-03-19,0.556248903
2024-03-20,0.523195148
2024-03-21,0.155140013
2024-03-22,0.289868027
2024-03-23,21.6053562
2024-03-24,26.5525475
2024-03-25,9.81717873
2024-03-26,3.88416767
2024-03-27,2.4113853
2024-03-28,1.31022286
2024-03-29,7.88181591
2024-03-30,2.76381922
2024-03-31,6.74582672
2024-04-01,2.40542722
2024-04-02,2.2511425
2024-04-03,1.54385114
2024-04-04,5.11055517
2024-04-05,16.5666447
2024-04-06,21.8127937
2024-04-07,14.7400999
2024-04-08,19.9032459
2024-04-09,21.5270729
2024-04-10,10.2678852
2024-04-11,16.3104496
2024-04-12,22.0959568
2024-04-13,13.7793036
2024-04-14,7.26247168
2024-04-15,16.1685314
2024-04-16,3.36425042
2024-04-17,1.15363753
2024-04-18,2.02585411
2024-04-19,3.53125763
2024-04-20,49.6918411
2024-04-21,52.5747604
2024-04-22,23.1392822
2024-04-23,32.4877701
2024-04-24,18.9656334
2024-04-25,39.988533
2024-04-26,46.1579323
2024-04-27,19.4771309
2024-04-28,28.0976906
2024-04-29,30.5745983
2024-04-30,39.1504745
2024-05-01,29.5699654
2024-05-02,22.5943432
2024-05-03,24.593008
2024-05-04,44.313385
2024-05-05,44.2162971
2024-05-06,34.2129555
2024-05-07,3.16998363
2024-05-08,0.368059337
2024-05-09,0.611396015
2024-05-10,0.31402877
2024-05-11,1.10151911
2024-05-12,0.705000699
2024-05-13,0.76154542
2024-05-14,0.591002524
2024-05-15,0.692670524
2024-05-16,4.70128298
2024-05-17,0.86334151
2024-05-18,2.51961184
2024-05-19,4.14770842
2024-05-20,3.81996346
2024-05-21,5.13826895
2024-05-22,0.853913844
2024-05-23,0.15444988
2024-05-24,0.328763306
2024-05-25,1.0063976
2024-05-26,0.883711159
2024-05-27,0.772795558
2024-05-28,0.0954187363
2024-05-29,0.202088803
2024-05-30,0.227507368
2024-05-31,0.275428683
2024-06-01,3.81993484
2024-06-02,0.694900453
2024-06-03,0.925006747
2024-06-04,0.722896397
2024-06-05,0.30403626
2024-06-06,0.0181955434
2024-06-07,1.85582185
2024-06-08,1.48960543
2024-06-09,0.137502566
2024-06-10,1.00474334
2024-06-11,0.955801964
2024-06-12,0.96657306
2024-06-13,0.232788429
2024-06-14,1.00501692
2024-06-15,0.398330897
2024-06-16,0.334869891
2024-06-17,0.0979204923
2024-06-18,0.11333596
2024-06-19,4.97857475
2024-06-20,1.85783577
2024-06-21,1.03224587
2024-06-22,0.208476827
2024-06-23,0.595859289
2024-06-24,0.0538907535
2024-06-25,0.125277936
2024-06-26,0.337371558
2024-06-27,0.400838584
2024-06-28,0.885022521
2024-06-29,0.168195665
2024-06-30,0.0611134581
2024-07-01,0.0277783256
2024-07-02,0.301793844
2024-07-03,0.764160812
2024-07-04,0.434178948
2024-07-05,0.148754343
2024-07-06,2.88015079
2024-07-07,6.04822874
2024-07-08,25.8373241
2024-07-09,11.2827425
2024-07-10,0.935254753
2024-07-11,0.219163984
2024-07-12,0.0412503034
2024-07-13,0.0852798
2024-07-14,0.0991684794
2024-07-15,0.110973135
2024-07-16,0.226538137
2024-07-17,0.521131873
2024-07-18,0.175688177
2024-07-19,0.104167692
2024-07-20,0.184164971
2024-07-21,0.320420504
2024-07-22,0.219450429
2024-07-23,0.0288895369
2024-07-24,0.0859714523
2024-07-25,0.553064764
2024-07-26,3.53406668
2024-07-27,0.542099893
2024-07-28,0.800451517
2024-07-29,1.54837561
2024-07-30,3.96259427
2024-07-31,1.72476435
2024-08-01,0.536394596
2024-08-02,0.252074927
2024-08-03,0.0548594818
2024-08-04,0.301407903
2024-08-05,0.182233155
2024-08-06,3.03076506
2024-08-07,0.522653282
2024-08-08,0.338478893
2024-08-09,0.0173612013
2024-08-10,0.0869452581
2024-08-11,0.162921965
2024-08-12,0.0463924371
2024-08-13,0.259316713
2024-08-14,0.911100209
2024-08-15,0.140002996
2024-08-16,0.26028356
2024-08-17,0.809181631
2024-08-18,0.251115233
2024-08-19,0.650158167
2024-08-20,1.10423207
2024-08-21,0.844740272
2024-08-22,3.69411922
2024-08-23,0.61154443
2024-08-24,2.15045667
2024-08-25,0.116119929
2024-08-26,0.507648647
2024-08-27,1.68466663
2024-08-28,0.140834495
2024-08-29,0.478758425
2024-08-30,0.181113556
2024-08-31,0.0890314057
2024-09-01,0.246523902
2024-09-02,0.858776093
2024-09-03,0.325700581
2024-09-04,0.213345736
2024-09-05,0.295979172
2024-09-06,0.242927924
2024-09-07,0.199450716
2024-09-08,0.167082325
2024-09-09,0.0822259113
2024-09-10,0.165697262
2024-09-11,0.313901603
2024-09-12,0.0575031936
2024-09-13,0.0563905612
2024-09-14,0.0259737931
2024-09-15,0.207364723
2024-09-16,0.180561066
2024-09-17,0.0120839458
2024-09-18,0.358638108
2024-09-19,1.88554525
2024-09-20,1.13098443
2024-09-21,1.16800046
2024-09-22,0.0999995619
2024-09-23,0.155840456
2024-09-24,0.204727188
2024-09-25,0.0906979963
2024-09-26,0.73657769
2024-09-27,3.03815389
2024-09-28,14.5305214
2024-09-29,4.45378399
2024-09-30,7.97085762
2024-10-01,0.855015337
2024-10-02,0.154308349
2024-10-03,0.0252787415
2024-10-04,0.0651400238
2024-10-05,0.0158335473
2024-10-06,0.157084748
2024-10-07,0.0172218625
2024-10-08,0.0955567732
2024-10-09,0.125697181
2024-10-10,0.0368063413
2024-10-11,0.0358327106
2024-10-12,0.0236113891
2024-10-13,0.0563897975
2024-10-14,0.0934743434
2024-10-15,2.171381
2024-10-16,2.67632723
2024-10-17,0.462367862
2024-10-18,11.3954687
2024-10-19,3.34105086
2024-10-20,2.02478981
2024-10-21,0.0504172966
2024-10-22,0.262916386
2024-10-23,0.132084623
2024-10-24,0.101527579
2024-10-25,0.530566037
2024-10-26,0.151392445
2024-10-27,0.26679334
2024-10-28,1.03424251
2024-10-29,0.0416669734
2024-10-30,0.0358333476
2024-10-31,0.0687510744
2024-11-01,0.60042417
2024-11-02,0.784991503
2024-11-03,0.507634997
2024-11-04,0.598078191
2024-11-05,8.61588192
2024-11-06,6.92562723
2024-11-07,9.04832172
2024-11-08,2.08723116
2024-11-09,0.679715812
2024-11-10,3.06114221
2024-11-11,21.5222321
2024-11-12,1.24890053
2024-11-13,5.49200487
2024-11-14,12.6447639
2024-11-15,15.6097775
2024-11-16,8.52226353
2024-11-17,4.10358095
2024-11-18,1.08045352
2024-11-19,9.52745819
2024-11-20,6.59140015
2024-11-21,7.79871511
2024-11-22,10.5639296
2024-11-23,2.73612523
2024-11-24,15.6576748
2024-11-25,19.8615799
2024-11-26,1.85326374
2024-11-27,4.44534063
2024-11-28,2.27299047
2024-11-29,30.435051
2024-11-30,2.72586989
2024-12-01,3.29671288
2024-12-02,2.7133503
2024-12-03,1.14225471
2024-12-04,0.863346875
2024-12-05,0.408201188
2024-12-06,0.135420665
2024-12-07,0.250139892
2024-12-08,0.162638649
2024-12-09,1.84991789
2024-12-10,0.474591315
2024-12-11,0.734594703
2024-12-12,1.24503767
2024-12-13,1.00765038
2024-12-14,0.196812764
2024-12-15,0.272088557
2024-12-16,0.503906429
2024-12-17,0.656256437
2024-12-18,0.492515892
2024-12-19,40.7219963
2024-12-20,22.2949009
2024-12-21,14.4073849
2024-12-22,1.08887351
2024-12-23,0.972940445
2024-12-24,0.916817605
2024-12-25,0.376402825
2024-12-26,0.584158301
2024-12-27,0.393049896
2024-12-28,0.255144089
2024-12-29,0.179028884
2024-12-30,0.553900778
2024-12-31,1.25390661
2025-01-01,0.474737972
2025-01-02,0.254169077
2025-01-03,0.382365316
2025-01-04,1.10373914
2025-01-05,0.167082965
2025-01-06,0.1601419
2025-01-07,0.318763554
2025-01-08,1.25017858
2025-01-09,2.08299041
2025-01-10,0.647923708
2025-01-11,0.415690482
2025-01-12,0.383471847
2025-01-13,0.217363119
2025-01-14,0.401816636
2025-01-15,0.323623955
2025-01-16,0.0590294562
2025-01-17,0.319037229
2025-01-18,0.339452922
2025-01-19,1.41102874
2025-01-20,0.275276572
2025-01-21,0.660717785
2025-01-22,1.04070449
2025-01-23,0.53057766
2025-01-24,1.42257917
2025-01-25,3.36818027
2025-01-26,31.1208649
2025-01-27,17.5435486
2025-01-28,10.4010963
2025-01-29,6.29555511
2025-01-30,16.4524879
2025-01-31,0.609603524
2025-02-01,0.0686114654
2025-02-02,0.62306881
2025-02-03,0.868049085
2025-02-04,0.20819363
2025-02-05,0.387928635
2025-02-06,0.362503856
2025-02-07,0.109030798
2025-02-08,0.00222227513
2025-02-09,0.0672223717
2025-02-10,0.0718048662
2025-02-11,0.552238762
2025-02-12,0.228334218
2025-02-13,0.694468915
2025-02-14,0.00319474447
2025-02-15,0.152087286
2025-02-16,0.16291599
2025-02-17,0.0270827319
2025-02-18,0.0258328319
2025-02-19,0.00611116318
2025-02-20,0.0254175365
2025-02-21,0.129035249
2025-02-22,0.0523605011
2025-02-23,0.0280564055
2025-02-24,0.0394450389
2025-02-25,0.0479187034
2025-02-26,0.0181954782
2025-02-27,0.0475003459
2025-02-28,0.0662501082
2025-03-01,0.230003059
2025-03-02,0.404581785
2025-03-03,0.178476244
2025-03-04,0.154030249
2025-03-05,0
2025-03-06,0.310014933
2025-03-07,0.149585113
2025-03-08,0.620693028
2025-03-09,11.0915022
2025-03-10,31.8748779
2025-03-11,1.73834395
2025-03-12,2.71783686
2025-03-13,0.799060643
2025-03-14,0.00847273413
2025-03-15,0.166947991
2025-03-16,5.59698677
2025-03-17,12.2865705
2025-03-18,1.93927336
2025-03-19,5.28739977
2025-03-20,2.21365261
2025-03-21,1.75809515
2025-03-22,0.903229892
2025-03-23,1.50671971
2025-03-24,1.82197773
2025-03-25,7.26648855
2025-03-26,5.85673332
2025-03-27,3.18648243
2025-03-28,21.9873428
2025-03-29,17.7293663
2025-03-30,2.19574714
2025-03-31,5.87886477
2025-04-01,1.37503469
2025-04-02,1.32693768
2025-04-03,2.00654173
2025-04-04,15.8089819
2025-04-05,14.6699667
2025-04-06,10.6653929
2025-04-07,3.2938056
2025-04-08,6.68718719
2025-04-09,14.6422672
2025-04-10,28.6142769
2025-04-11,11.3559952
2025-04-12,6.83390903
2025-04-13,6.59740114
2025-04-14,0.951259613
2025-04-15,1.27196562
2025-04-16,2.79133701
2025-04-17,0.39598015
2025-04-18,4.66788673
2025-04-19,24.4617252
2025-04-20,33.539856
2025-04-21,17.7181396
2025-04-22,6.05254221
2025-04-23,5.84032393
2025-04-24,1.91127455
2025-04-25,0.0609749295
2025-04-26,0.874613941
2025-04-27,0.592622161
2025-04-28,0.563896894
2025-04-29,2.05340147
2025-04-30,1.43335187
2025-05-01,0.305143148
2025-05-02,0.664317667
2025-05-03,1.35491312
2025-05-04,1.26963365
2025-05-05,8.7556963
2025-05-06,3.66397262
2025-05-07,2.99875879
2025-05-08,2.80903268
2025-05-09,10.694315
2025-05-10,9.41993999
2025-05-11,10.5690851
2025-05-12,13.2797642
2025-05-13,13.3269672
2025-05-14,1.18792045
2025-05-15,0.0986119881
2025-05-16,1.17516911
2025-05-17,0.16666612
2025-05-18,1.07970786
2025-05-19,2.15890861
2025-05-20,0.718064368
2025-05-21,0.479309946
2025-05-22,0.967768312
2025-05-23,0.669724762
2025-05-24,0.519446194
2025-05-25,0.507649183
2025-05-26,0.96793133
2025-05-27,0.46361658
2025-05-28,1.2837764
2025-05-29,0.161390901
2025-05-30,0.782508016
2025-05-31,0.711538374
2025-06-01,0.672524154
2025-06-02,0.55390805
2025-06-03,0.538348854
2025-06-04,1.46224856
2025-06-05,1.97193205
2025-06-06,2.59037924
2025-06-07,0.570435286
2025-06-08,0.623359323
2025-06-09,1.7357918
2025-06-10,0.600553989
2025-06-11,0.248335928
2025-06-12,0.35055238
2025-06-13,0.586392999
2025-06-14,0.18583335
2025-06-15,0.694056451
2025-06-16,0.512935579
2025-06-17,0.232643291
2025-06-18,0.153056219
2025-06-19,2.6721952
2025-06-20,6.901999
2025-06-21,2.50658727
2025-06-22,0.210007325
2025-06-23,0.213759795
2025-06-24,0.227229193
2025-06-25,0.345555127
2025-06-26,0.342907578
2025-06-27,0.229722202
2025-06-28,0.07777787
2025-06-29,0.334039539
2025-06-30,1.05059671
2025-07-01,0.432787269
2025-07-02,0.763374984
2025-07-03,1.01987863
2025-07-04,0.0611092113
2025-07-05,0.0341687314
2025-07-06,0.283900291
2025-07-07,0.202645034
2025-07-08,0.630312204
2025-07-09,0.206800699
2025-07-10,1.34156668
2025-07-11,1.62352157
2025-07-12,0.919595599
2025-07-13,0.32625711
2025-07-14,0.869069099
2025-07-15,0.715157688
2025-07-16,0.028749546
2025-07-17,0.564453721
2025-07-18,0.476943642
2025-07-19,0.677657604
2025-07-20,0.301124871
2025-07-21,0.757529795
2025-07-22,0.118613251
2025-07-23,0.150137991
2025-07-24,0.329174846
2025-07-25,0.400155485
2025-07-26,0.424178004
2025-07-27,0.223063707
2025-07-28,0.424735993
2025-07-29,0.228757069
2025-07-30,0.214311615
2025-07-31,0.28027302
2025-08-01,0.182222962
2025-08-02,0.124448776
2025-08-03,0.0306958873
2025-08-04,0.759754658
2025-08-05,0.408351064
2025-08-06,1.18826866
2025-08-07,0.485955656
2025-08-08,2.98354459
2025-08-09,0.762794435
2025-08-10,0.645021737
2025-08-11,0.140002176
2025-08-12,0.0115284128
2025-08-13,0.561971068
2025-08-14,0.876687288
2025-08-15,0.00208330038
2025-08-16,7.70440102
2025-08-17,3.86946297
2025-08-18,4.14934826
2025-08-19,1.74036145
2025-08-20,0.915441215
2025-08-21,0.181805193
2025-08-22,0.171388701
2025-08-23,0.150001779
2025-08-24,0.00305550755
2025-08-25,0.327091962
2025-08-26,0.0634744838
2025-08-27,0.143474892
2025-08-28,0.154723629
2025-08-29,0.104445033
2025-08-30,0.00222218712
2025-08-31,0.368760705
2025-09-01,0.414187491
